{"cameraMode":{"drawMode":0,"name":"Shaded","section":"Shading Mode"},"sceneLighting":true,"audioPlay":false,"sceneViewState":{"showFog":true,"showMaterialUpdate":false,"showSkybox":true,"showFlares":true,"showImageEffects":true,"showParticleSystems":true},"in2DMode":false,"pivot":{"x":29.57038688659668,"y":4.876182556152344,"z":0.6446876525878906},"rotation":{"x":-0.015305188484489918,"y":-0.02489757351577282,"z":0.00038291612872853875,"w":-0.99957275390625},"size":5.548291206359863,"orthographic":false}