{"cameraMode":{"drawMode":0,"name":"Shaded","section":"Shading Mode"},"sceneLighting":true,"audioPlay":false,"sceneViewState":{"showFog":true,"showMaterialUpdate":false,"showSkybox":true,"showFlares":true,"showImageEffects":true,"showParticleSystems":true},"in2DMode":false,"pivot":{"x":633.800048828125,"y":289.3999938964844,"z":0.0},"rotation":{"x":-0.02189532294869423,"y":0.020682530477643014,"z":-0.0004550534358713776,"w":-0.9995473623275757},"size":140.7655487060547,"orthographic":false}